Website,Rating,Review_title,Review_date,Review_text,
Trip Advisor,Excellent,Great Indian Food For a Cause,11 March 2020 ,"This place is swarming with Gadventurers and CEOs and the food is quite good, especially their garlic naan, my favorite.  Almost all their dishes are exceptionally good.  Came here three times and tried different dishes on the menu....never disappointed.",
Trip Advisor,Excellent,Dinner ,11 March 2020 ,Visited about a week ago and we  were very impressed with the food service and gereral ambience of this very clean and slick restaurant. It is well worth a visit if in the area and prices are good. We will be returning soon.,
Trip Advisor,Excellent,Kitchen with a Cause - FANTASTIC ,2 March 2020 ,"I enjoyed a fantastic meal at KWAC thanks to Brikash Sharma our excellent guide while spending sometime in New Delhi recently. We were a table of 15+ South Africans so appreciated the giving back ethos of supporting the under privileged and street people. My meal...<span class=""taLnk ulBlueLinks"" onclick=""widgetEvCall('handlers.clickExpand',event,this);"">More</span>",
Trip Advisor,Excellent,Intrepid Tour experience,25 February 2020 ,"This is a lovely hidden gem in Karol Bagh, walking distance from the metro. The restaurant is beautiful with great food at reasonable prices. The staff is friendly &amp; competent also goes the extra mile if you want to celebrate a birthday or get together....<span class=""taLnk ulBlueLinks"" onclick=""widgetEvCall('handlers.clickExpand',event,this);"">More</span>",
Trip Advisor,Excellent,Great restaurant!,23 February 2020 ,"The restaurant is a social project, so 5 stars just for it. Talking about the restaurant:- Food: wide variety of Indian dishes- Service: super kind and fast- Quality: very good (although some dishes are interpreted in the wrong way, the springs rolls...<span class=""taLnk ulBlueLinks"" onclick=""widgetEvCall('handlers.clickExpand',event,this);"">More</span>",
Trip Advisor,Excellent,Delicious eats,15 February 2020 ,"I really loved this restaurant. I visited twice as part of a Gadventures tour then went back one my own after my tour had finished.  The food on all three occasions was so delicious. I enjoyed the chicken lababdar and the tikka paneer. All of...<span class=""taLnk ulBlueLinks"" onclick=""widgetEvCall('handlers.clickExpand',event,this);"">More</span>",
Trip Advisor,Excellent,Amazing place!,11 February 2020 ,"This is an absolute hidden gem! The place is really well decorated, modern but simple. The food is outstanding, and service is great. The idea behind the restaurant is equally as impressive - to teach young adults the skills to go out into the hospitality...<span class=""taLnk ulBlueLinks"" onclick=""widgetEvCall('handlers.clickExpand',event,this);"">More</span>",
Trip Advisor,Excellent,"Really good menu, tasty food",27 January 2020 ,"Dear Alicianic1,Thank you for your lovely feedback. We are very happy that your experience here at Kitchen With A Cause was very good. We are trying  our best to make sure the guests have an amazing time and enjoy our delicious meal . Thank...<span class=""taLnk ulBlueLinks"" onclick=""widgetEvCall('handlers.clickExpand',event,this);"">More</span>",
Trip Advisor,Excellent,Great choice of dishes in lovely environment ,22 January 2020 ,"Really good menu, tasty food and great service. When staying in Karol Bagh make sure you stop here for a lovely meal.",
Trip Advisor,Excellent,Great food and service,21 January 2020 ,"Dear AlexJ1993,Thank you for your lovely feedback. We are glad you had a great and memorable time here at KWAC !! Hope to see you again someday . Kind regards.KWAC family .",
Trip Advisor,Excellent,Food was excellent!,19 January 2020 ,Food was excellent we dined here more than once over our time in India and the food and service where both excellent! Would highly recommend!,
Trip Advisor,Excellent,Delecious food ..,16 January 2020 ,"Dear Adam,Thank you for your feedback and visiting KWAC again. Its always good to see our guests visit us again for the dining experience. Cheers!!KWAC family.",
Trip Advisor,Excellent,A little gem,14 January 2020 ,"We started with drinks from their large selection of smoothies, shakes, lassi and juices, all freshly prepared and artfully presented. Our food choices were made from a good selection of traditional Indian vegetarian and non-vegetarian dishes as well as salads, Chinese and Continental dishes. The...<span class=""taLnk ulBlueLinks"" onclick=""widgetEvCall('handlers.clickExpand',event,this);"">More</span>",
Trip Advisor,Excellent,Well worth a visit,14 January 2020 ,"Dear Mountaineer121,Great to see such feedback !! Thank you for your kind words and visiting KWAC . Please do visit again someday .Cheers!!KWAC family .",
Trip Advisor,Excellent,Excellant restaurant with charitable intentions,13 January 2020 ,"We called in for a drink and returned for an evening meal as we liked the atmosphere and the look of the menu. In fact we liked it so much we returned each evening of our 4 night stay in Delhi.Good is straightforward, meat...<span class=""taLnk ulBlueLinks"" onclick=""widgetEvCall('handlers.clickExpand',event,this);"">More</span>",
Trip Advisor,Excellent,"Delicious, clean and safe dining ",12 January 2020 ,"Dear Inspiration727696,Thank you for your wonderful words . We are very happy that you enjoyed your time here and visited us again. It makes us smile and happy to see guests in general but more so when they visit again . It makes us...<span class=""taLnk ulBlueLinks"" onclick=""widgetEvCall('handlers.clickExpand',event,this);"">More</span>",
Trip Advisor,Very Good,Wonderful concept - Great food!,10 January 2020 ,"Just landed from a trip to Varanasi and thought I'd try this place near my hotel that is highly rated. Ordered a tandoori platter of fish and lamb. Totally superb. International drinks reasonably priced too, compared to Taj hotels at least. Around ¬£2 for JW...<span class=""taLnk ulBlueLinks"" onclick=""widgetEvCall('handlers.clickExpand',event,this);"">More</span>",
Trip Advisor,Excellent,Great food for a great cause,9 January 2020 ,"Dear Knight5188,Thank you for your feedback. We are really happy that you enjoyed the dish and drinks here. Please do visit again someday !! It would be great to see you again . Cheers !! KWAC family",
Trip Advisor,Excellent,Lovely ,9 January 2020 ,"A charming &amp; relaxed restaurant with good food which is well priced. The service was excellent, I ate here both as part of a group and as a solo twice. Felt perfectly relaxed and looked after every time. Lovely food and cocktails if so desired....<span class=""taLnk ulBlueLinks"" onclick=""widgetEvCall('handlers.clickExpand',event,this);"">More</span>",
Trip Advisor,Excellent,enjoyed a lot,9 January 2020 ,"Dear Kingjarju,Thank you for your lovely feedback . We are glad that you enjoyed your time here at KWAC .and came back again .  Hope to see you again someday . Cheers !!KWAC family",
Trip Advisor,Excellent,"Good Food, Great Community Service",7 January 2020 ,The food at Kitchen With A Cause was incredible. There were plenty of staff to ensure prompt and friendly service. An awesome place doing the community an incredible service.,
Trip Advisor,Excellent,Touch at the heart,4 January 2020 ,Thank you Reecebaxter1995 for showing us your love . We are trying our level best to help change some lives and trying to serve delicious food at the same time. Please do visit again and spread the word!,
Trip Advisor,Excellent,Really nice place with good food and service!,4 January 2020 ,"Wat een mooi concept. Daarnaast heerlijk eten. Geraakt door de gastvrijheid! Dear Neina: Go for it.I wish you an amazing future!<span class=""taLnk ulBlueLinks"" onclick=""widgetEvCall('handlers.clickExpand',event,this);"">More</span>",
Trip Advisor,Excellent,Fabulous food and excellent service,3 January 2020 ,"Dear OlgaHeinen,Thats one lovely photo !! Thank you . Naina is an absolutely brilliant girl and a happy soul . We are very fortunate to have Naina in our team and are proud to say that she has become so confident in the last...<span class=""taLnk ulBlueLinks"" onclick=""widgetEvCall('handlers.clickExpand',event,this);"">More</span>",
Trip Advisor,Excellent,"Great food, atmosphere, and mission!",2 January 2020 ,"Recommended- this place is doing great things. The food, service and atmosphere is very good and it is decent value for money.",
Trip Advisor,Excellent,"Awesome place, great ethos",26 December 2019 ,"Dear guest,Thank you for your kind words. We are glad you had a great time here at KWAC . We are always happy to see happy reviews. Please do visit again someday .kind regards,KWAC family.",
Trip Advisor,Terrible,You Bet There's A Cause!,25 December 2019 ,"We ate here with our guide and group of 10 on a G Adventures Tour. This place has a buzzing atmosphere. The food and service were excellent and it's great to know you are helping a fantastic cause. We would highly recommend a visit.<span class=""taLnk ulBlueLinks"" onclick=""widgetEvCall('handlers.clickExpand',event,this);"">More</span>",
Trip Advisor,Very Good,Great Cause Good Food,25 December 2019 ,"Dear Helen,Thank you for your kind review and words. We are very happy that you had a great time . We are always thankful to G Adventures for  bringing their groups over to KWAC. We are very thankful and  consider ourselves fortunate and  we...<span class=""taLnk ulBlueLinks"" onclick=""widgetEvCall('handlers.clickExpand',event,this);"">More</span>",
Trip Advisor,Excellent,Visited here 3 times!!,19 December 2019 ,"While in Delhi we visited Kitchen With A Cause twice. The food was excellent both times. The restaurant has a good atmosphere and is clean and nicely designed, making it a cool place to hang out for an hour or two.<span class=""taLnk ulBlueLinks"" onclick=""widgetEvCall('handlers.clickExpand',event,this);"">More</span>",
Trip Advisor,Excellent,Great food and such a good cause ,17 December 2019 ,"Dear Lumoconnor,Thank you for visiting KWAC not once but twice. We are very happy that you enjoyed both the times . We have tried to create a simple yet calm ambience for guests to come and not only enjoy the food but also the...<span class=""taLnk ulBlueLinks"" onclick=""widgetEvCall('handlers.clickExpand',event,this);"">More</span>",
Trip Advisor,Excellent,Delicious food and helping local youth,12 December 2019 ,"The food was delicious and service was excellent. The restaurant was very busy and very noisy.  I applaud the work they do to help get local youth off the streets with training for future jobs. Make reservations!<span class=""taLnk ulBlueLinks"" onclick=""widgetEvCall('handlers.clickExpand',event,this);"">More</span>",
Trip Advisor,Excellent,Delicious food,11 December 2019 ,"Namastey Stay765252,Greetings from Kithen With  A Cause!Thank you for your kind review. We are very happy that you enjoyed the food and service . Our main motive is to make sure our guests have a  memorable time here at KWAC ! We however...<span class=""taLnk ulBlueLinks"" onclick=""widgetEvCall('handlers.clickExpand',event,this);"">More</span>",
Trip Advisor,Very Good,For Tourist Groups,9 December 2019 ,"Concept of the restaurant is wonderful. Food is magnificent. Stuffed naan, korma curry, butter chicken, garlic roti. OMG I could just keep going. It is definitely a must to eat at least once here",
Trip Advisor,Very Good,"Great food, friendly and attentive service, great social cause",8 December 2019 ,Interesting new food. Very noisy. Usually with large tables of group tours that all talk loiuder than the other,
Trip Advisor,Excellent,Will Definitely Return ,6 December 2019 ,"Hello Passenger797598,Greetings from KWAC !Thank you for your review. We apologise that you felt it was noisy but  will definitely work on that .Cheers !!KWAC family .",
Trip Advisor,Very Good,Excellent,27 November 2019 ,"We visited Kitchen With A Cause as an optional meal on our Golden Triangle Tour. This restaurant provides opportunities for those wanting to get a foot in the hospitality industry, and also serves up delicious meals. The menu serves up Indian curries, breads, and rices,...<span class=""taLnk ulBlueLinks"" onclick=""widgetEvCall('handlers.clickExpand',event,this);"">More</span>",
Trip Advisor,Excellent,Great place with a great mission!,21 November 2019 ,"Visited here today after reading the reviews and loved it. Great food reasonably priced, clean and well laid out restaurant and great service. Had the restaurants specials: fish curry &amp; chicken curry, garlic Mann and rice. Will return.",
Trip Advisor,Excellent,Fantastic Food,20 November 2019 ,"Great food, service and atmosphere. And the opportunity to give back to the community. There's Indian, Chinese, burgers and pizza",
Trip Advisor,Excellent,Really good place!,17 November 2019 ,"We went here twice during our trip to Delhi - the food was great, service was excellent, and the restaurant does great work for the local population (providing street kids with internship opportunities)! You can feel good about eating here.",
Trip Advisor,Average,Disappointing,17 November 2019 ,"We had a meal here just recently with our tour.  The best food, fantastic service and the concept is heartwarming.  You need to go here if you vidit New Dehli.",
Trip Advisor,Excellent,Excellent,12 November 2019 ,"I visited kitchen with a cause restaurant alongwith my fiancee...the food was awesome &amp; the service was even better....that too at very low prices...By knowing that this restaurant helps the underprivileged youth of the streets to train them for the better future, I was...<span class=""taLnk ulBlueLinks"" onclick=""widgetEvCall('handlers.clickExpand',event,this);"">More</span>",
Trip Advisor,Excellent,Excellent food and service,10 November 2019 ,"During my trip, I went here for dinner and drinks several times and everything I ordered from the menu was excellent! Delicious food, modern and bright atmosphere, friendly staff and at very reasonable prices. I really love the concept of this restaurant. Kitchen With A...<span class=""taLnk ulBlueLinks"" onclick=""widgetEvCall('handlers.clickExpand',event,this);"">More</span>",
Trip Advisor,Excellent,Responsible tourism in its finest form,5 November 2019 ,"We were introduced to this restaurant as part of a G Adventures Tour and in my two weeks of being in India, this was my favourite restaurant. The food is high quality and exquisitely made, and what makes the experience that bit more special is...<span class=""taLnk ulBlueLinks"" onclick=""widgetEvCall('handlers.clickExpand',event,this);"">More</span>",
Trip Advisor,Excellent,Great food - value for money - lovely staff,2 November 2019 ,"We visited as part of our G Adventures tour but also went back twice more because we were so impressed with the food, the service and the experience. All the food was fresh and tasty, price was very good, the cocktails were cheap and delicious.",
Trip Advisor,Excellent,"Delicious food, a brilliant concept.",31 October 2019 ,"What a great place to eat, and such a wonderful cause.  Welcoming, friendly and very efficient.  I'm happy to recommend to any traveller.",
Trip Advisor,Excellent,Delicious food and lovely staff,29 October 2019 ,We visited this restaurant twice during our stay in Delhi - delicious local and international food (noodles &amp, veg are great for when you need that fix!)
Trip Advisor,Excellent,Group visit of 12 travellers average age of group 60 years. Food excellent variety especially vegetarian choices. ,29 October 2019 ,"Fabulous atmosphere, very clean, great staff, brilliant service. Toilets western style very clean. Food all freshly prepared. Pre book essential if large group like ours. Accommodated the bills as we asked for individual ones. Concept of this KAFE is so important to help local people...<span class=""taLnk ulBlueLinks"" onclick=""widgetEvCall('handlers.clickExpand',event,this);"">More</span>",
Trip Advisor,Excellent,Great Food For A Great cause,28 October 2019 ,"I ate here 3 times during my visit to Jaipur. Each time, whether in a group or on my own, I was made to feel very welcome. The food choice was good &amp; it tasted lovely. When the restaurant was full in the evening, service...<span class=""taLnk ulBlueLinks"" onclick=""widgetEvCall('handlers.clickExpand',event,this);"">More</span>",
Trip Advisor,Excellent,Outstanding traditional Indian food served in a chic casual setting,28 October 2019 ,"We visited KWAC 3 times during our short stay in Delhi and were all very impressed with the quality of the food, the cleanliness of the restaurant, and the attentiveness of the staff. From the unique Lahore curry served in a clay pot to the...<span class=""taLnk ulBlueLinks"" onclick=""widgetEvCall('handlers.clickExpand',event,this);"">More</span>",
Trip Advisor,Excellent,"Amazing staff, restaurant and food",27 October 2019 ,"A group of 12 of us visited kitchen with a cause as part of a 2 week holiday in India. Such a great concept, the staff were lovely and so attentive and the food was great. We'll worth a visit",
Trip Advisor,Excellent,"Amazing restaurant, excellent food &amp; staff and beautiful decor.",25 October 2019 ,"We ate at this restaurant on two occasions and both times the food was excellent, customer service fantastic and fabulous surroundings.  I also loved the fact that it supports young people to engage in training for their futures and helps them to find employment.  Super...<span class=""taLnk ulBlueLinks"" onclick=""widgetEvCall('handlers.clickExpand',event,this);"">More</span>",
Trip Advisor,Excellent,The best place to eat in Delhi,25 October 2019 ,"We were drawn to the restaurant due to the premise of what the cause promotes and how it can help people but what I wasn't expecting was just how delicious the food was going to be. I was in India for 2 weeks and this...<span class=""taLnk ulBlueLinks"" onclick=""widgetEvCall('handlers.clickExpand',event,this);"">More</span>",
Trip Advisor,Excellent,Best restaurant experience in India,24 October 2019 ,"We've been in India for 2 weeks and this restaurant impressed us the most. Besides the great food and service, they are also working on a great cause and have values which I definitely stand behind. I very much recommend this.",
Trip Advisor,Excellent,Excellent food and flavours. Friendly staff. Alcohol served,21 October 2019 ,"Nice that it also supports a good cause. Mostly visited by tourist, but excellent food and flavours, in a nice ambiance. Friendly staff. Alcohol served. Best meal in delhi.",
Trip Advisor,Very Good,"""Casual outing""",14 October 2019 ,"""As it is in its name that this place is run for a Cause ie to help underprivileged to earn their living""...Good Ambience, Food &amp; staff. When we visited this place it was fully occupied by the Foreign tourists &amp; some were also waiting for...<span class=""taLnk ulBlueLinks"" onclick=""widgetEvCall('handlers.clickExpand',event,this);"">More</span>",
Trip Advisor,Excellent,Great dinner,13 October 2019 ,We visited this restaurant as a group and had a great dinner. Excellent initiative and well worth supporting!,
Trip Advisor,Excellent,Great Lunch!,8 October 2019 ,Food was awesome and was a lovely air conditioned setting to sit and enjoy some quiet away from the hustle of the market outside.,
Trip Advisor,Excellent,Great place to eat,29 September 2019 ,"Had a brief stopover in Delhi &amp; found this gem. Not only is the food delicious, fish tikka &amp; a seasonal veg curry, but it makes a difference to young people!",
Trip Advisor,Excellent,Very tasty food,24 September 2019 ,"I spent arround a week in India and went out for meals all the time. This restaurant was, so far, the one with the most tasty Indian food I came across. All the staff was very professional and polite.Having great food for a good...<span class=""taLnk ulBlueLinks"" onclick=""widgetEvCall('handlers.clickExpand',event,this);"">More</span>",
Trip Advisor,Excellent,Best restaurant in Delhi!,21 September 2019 ,"The best restaurant in Delhi! The best curry I have ever tasted, friendly staff and a great cause. Would highly recommend. We were in a big group and the restaurant staff did a great job of fitting us in because it was busy. Amazing cocktails...<span class=""taLnk ulBlueLinks"" onclick=""widgetEvCall('handlers.clickExpand',event,this);"">More</span>",
Trip Advisor,Excellent,Fantastic,18 September 2019 ,"Came here twice while in New Delhi, the first with a group &amp; the second time solo.Both times had great food &amp; great friendly service. This is definately worth supporting.",
Trip Advisor,Excellent,Excellent food,12 September 2019 ,"Ate here 3 times during my trip to The India. The food was excellent and the staff are all amazing. Bit more expensive than some other places but well worth it. You can also just go in for a beer if you want to get...<span class=""taLnk ulBlueLinks"" onclick=""widgetEvCall('handlers.clickExpand',event,this);"">More</span>",
Trip Advisor,Excellent,Please take the time to support this great restaurant.,10 September 2019 ,"I can‚Äôt understand why anyone would give this great restaurant less than 5 stars. We recently had dinner here and throughly enjoyed ourselves. The food was delicious and well presented the restaurant had a nice feel to it. On top of that they are helping...<span class=""taLnk ulBlueLinks"" onclick=""widgetEvCall('handlers.clickExpand',event,this);"">More</span>",
Trip Advisor,Very Good,Good for New Visitors,4 September 2019 ,"We went here twice, at the beginning and end of our tour. As a first night restaurant it was great. The staff speak English, the food is good, and it is busy. We were with an organised tour, and it looked like a lot of...<span class=""taLnk ulBlueLinks"" onclick=""widgetEvCall('handlers.clickExpand',event,this);"">More</span>",
Trip Advisor,Terrible,Kitchen without a cause,1 September 2019 ,"Dear Caron,Thank you for your kind review. We as Kitchen With A Cause family are trying to create a small difference in our society along with trying to serve delicious food and 5 star experience to our guests. We are glad that you had...<span class=""taLnk ulBlueLinks"" onclick=""widgetEvCall('handlers.clickExpand',event,this);"">More</span>",
Trip Advisor,Excellent,Cool Place,26 August 2019 ,"All 5 star reviews for a restaurant should give people a cause to be concerned.  Like many other westerners who have reviewed this restaurant, we also went there for dinner because we thought the place was doing some good.  The food took ages to arrive,...<span class=""taLnk ulBlueLinks"" onclick=""widgetEvCall('handlers.clickExpand',event,this);"">More</span>",
Trip Advisor,Excellent,Really tasty food and friendly staff - makes it a pleasure to support a good cause,25 August 2019 ,"Dear , SUMITA SThank you for taking out the time to write such a detailed review for our restaurant and we are sorry that you didn‚Äôt have a 5 star rating experience. Having said that, it has taken us some time to reply to...<span class=""taLnk ulBlueLinks"" onclick=""widgetEvCall('handlers.clickExpand',event,this);"">More</span>",
Trip Advisor,Excellent,Wonderful,11 August 2019 ,"I came here with a group and really enjoyed both the food and the atmosphere. Between us, we probably tried most of the stuff on the menu and there was nothing left on our plates, it was delicious. I had the butter chicken which i...<span class=""taLnk ulBlueLinks"" onclick=""widgetEvCall('handlers.clickExpand',event,this);"">More</span>",
Trip Advisor,Excellent,nice food and conversation,30 July 2019 ,"I had the aloo ghobi (highly recommend it!) and it was the best I have had during my three weeks travel! Flavours and texture were absolutely on point. The staff is friendly and very service minded, making this perhaps one of my favourite restaurants in...<span class=""taLnk ulBlueLinks"" onclick=""widgetEvCall('handlers.clickExpand',event,this);"">More</span>",
Trip Advisor,Excellent,Amazing food that helps! ,28 July 2019 ,"The food here is excellent, fresh and well made.  The while idea is brilliant, and it's great to know that you are not just having a lovely meal but helping to get young people off the streets and into work.  The specials are great, as...<span class=""taLnk ulBlueLinks"" onclick=""widgetEvCall('handlers.clickExpand',event,this);"">More</span>",
Trip Advisor,Very Good,Dinner ,26 July 2019 ,"A delicious dinner. We ordered the Dahl, butter chicken, rice, naan and two lime sodas. It was all delicious. 1200 rupees for two people so on the more expensive side for Delhi but it is a more western style tourist restaurant if you are just...<span class=""taLnk ulBlueLinks"" onclick=""widgetEvCall('handlers.clickExpand',event,this);"">More</span>",
Trip Advisor,Excellent,Great food and enthusiastic staff,19 July 2019 ,"We visited for dinner following reviews on TripAdvisor - great food, really cool decor and the enthusiastic and motivated staff were great<span class=""taLnk ulBlueLinks"" onclick=""widgetEvCall('handlers.clickExpand',event,this);"">More</span>",
Trip Advisor,Excellent,Great restaurant ,11 July 2019 ,"Dear guest,Thank you  very much for your kind comments. It means a lot and helps us to improve and do better and better every passing day . We are very happy that you had a great time here at Kitchen With A Cause. Thank...<span class=""taLnk ulBlueLinks"" onclick=""widgetEvCall('handlers.clickExpand',event,this);"">More</span>",
Trip Advisor,Excellent,REVIEW TIME ,9 July 2019 ,"We came as a group of 16+ and the service was excellent, friendly staff and great food too. Really good variety and choice of vegetarian options! Great atmosphere too. Would visit again if in Delhi.",
Trip Advisor,Excellent,Delicious food,5 July 2019 ,"Recently I had visited kitchen for a cause. Literally right now I don‚Äôt have any sort of words to describe this place. The environment which they had created for the customers are so dam marvellous like they had made a palace from a scrap, the...<span class=""taLnk ulBlueLinks"" onclick=""widgetEvCall('handlers.clickExpand',event,this);"">More</span>",
Trip Advisor,Excellent,Group Dinner,5 July 2019 ,"Great food in this gorgeous little restaurant. You could easily miss it walking past, but it is worth looking for. We shared a few different dishes and each of them was delicious. Plenty of veggie options and the meat in the meat ones was really...<span class=""taLnk ulBlueLinks"" onclick=""widgetEvCall('handlers.clickExpand',event,this);"">More</span>",
Trip Advisor,Excellent,Wonderful,3 July 2019 ,"A group of 14 of us came for dinner and we were blame away by the quality of food! The flavours were amazing and everything was so fresh! Will definitely return at the end of our trip, best restaurant in Delhi!",
Trip Advisor,Excellent,Best butter chicken on my india trip.,2 July 2019 ,"Two experience travellers in Delhi. We were struggling to find somewhere that was cheap and cheerful, but also very nice...thank goodness we found the Kitchen. Beautiful food, friendly and attentive staff, cool vibes and all for a very reasonable price. Couldn't recommend more!",
Trip Advisor,Excellent,Wonderful Indian cuisine at great prices and for a cause!,10 June 2019 ,"I came across the place by a stroke of luck while out waking through the shopping area nearby on my final day in India. I wish I had found it on my first day here. I had the butter chicken for lunch and it was...<span class=""taLnk ulBlueLinks"" onclick=""widgetEvCall('handlers.clickExpand',event,this);"">More</span>",
Trip Advisor,Excellent,Group Dinner,10 June 2019 ,"A great restaurant supported by G Adventures where we ate as a group on 2 occasions (start and end of our tour). Supporting local people, it was great to dine here rather than any random restaurant, With delicious food, making a choice was a hard...<span class=""taLnk ulBlueLinks"" onclick=""widgetEvCall('handlers.clickExpand',event,this);"">More</span>",
Trip Advisor,Excellent,Great variety and well priced,6 June 2019 ,"I visited a number of times during my visit to New Delhi, both with members of my tour group and by myself. The food was delicious and the servings were generous. The staff were friendly and attentive. The facilities were all very clean.",
Trip Advisor,Excellent,Visited 3 times in two weeks - did not disappoint. Vegan options!,30 May 2019 ,"We were recommended this hotel from a G adventures  tour, and we were not disappointed. We tried a number of dishes, mostly Indian, and I'd advise you stick to these when visiting. On our last visit we opted for the veggie burger, but it was...<span class=""taLnk ulBlueLinks"" onclick=""widgetEvCall('handlers.clickExpand',event,this);"">More</span>",
Trip Advisor,Very Good,Very clean,18 May 2019 ,"Great restaurant, food was yummy but a little pricey.Decor is beautiful and very clean.Staff are fabulous.",
Trip Advisor,Excellent,Great place,17 May 2019 ,This is a great place to visit with your family and friends.  The food is delicious and service is excellent.  Totally 10 on 10.,
Trip Advisor,Very Good,Very good Indian dinner,4 May 2019 ,"Probably for turists, but they offer a good variety of Indian dishes originally revised plus some Chinese food. All the dishes we tried were very good, I had tandoor nasi chicken, chef selection, very good. They serve alcohol.",
Trip Advisor,Excellent,Very delicious food and good choice of various drinks,2 May 2019 ,"This Reustaurant seems to be supported by many Travel Oranizations, including Trip Advisor. There are always many people waitingn for the table and/or chair. The atmospher inside is amazing and the food delicious!",
Trip Advisor,Excellent,A must in Delhi,2 May 2019 ,"Seek out this great social enterprise restaurant set up to offer internships for young adults from the streets who have been assisted by NGO's across Delhi. Great set up, excellent food and service",
Trip Advisor,Excellent,Amazing!!!,28 April 2019 ,We were there last evening for dinner and from the first second we got there we fell in love with the place. unique concept and design great food and service.The best restorant we been in india!!!,
Trip Advisor,Excellent,Fantastic food and excellent cause!,23 April 2019 ,"In my short stay in Delhi, I visited this restaurant twice!The staff are fantastic, very attentive and always happy and bubbly when serving. This is such a fantastic cause to support.And of course, the food was extremely delicious!",
Trip Advisor,Excellent,Great food for a good cause,21 April 2019 ,"Not the easiest place to find but, once we'd arrived, the welcome and the food that followed was superb. Really can't fault anything - food all high standard, well presented and very reasonable. Nice staff. If you want good food that supports a social cause,...<span class=""taLnk ulBlueLinks"" onclick=""widgetEvCall('handlers.clickExpand',event,this);"">More</span>",
Trip Advisor,Excellent,Inspirational place!,17 April 2019 ,The food and the service here is amazing. After 2 weeks in India the meal I had here was the best by far! Keep doing what you do! You are incredible! A little piece of hope for the young people of Delhi,
Trip Advisor,Excellent,"Such a beautiful experience and food, for such a great cause",16 April 2019 ,"My mum and I went to this restaurant twice during our 2 separate stays in Delhi, precisely because we loved it so much! We found the food very reasonably priced, super tasty, and the staff totally wonderful. They offer such a variety of food to...<span class=""taLnk ulBlueLinks"" onclick=""widgetEvCall('handlers.clickExpand',event,this);"">More</span>",
Trip Advisor,Excellent,Great food on best price,16 April 2019 ,"Recently I got chance to visit Kitchen with cause restaurant in Karol Bagh . as I am frequent traveler to Karol Bagh food places for last many years I must say KWC is just brilliant. The ambiance, staff, location and certainly the food which really...<span class=""taLnk ulBlueLinks"" onclick=""widgetEvCall('handlers.clickExpand',event,this);"">More</span>",
Trip Advisor,Very Good,"Good food, great for groups",15 April 2019 ,"Reasonably priced, flavourful well prepared food. Appeared to be quite popular with tourists. Service was good. Our server was quite busy, seemed like he may have had too many tables, and meals were quite slow coming to the table but otherwise no complaints.",
Trip Advisor,Terrible,No ingredients ,11 April 2019 ,"Had to Order 3 times to get something that they had ingredients for, disappointing service, in the end I got a pizza, the smallest pizza I‚Äôve ever seen<span class=""taLnk ulBlueLinks"" onclick=""widgetEvCall('handlers.clickExpand',event,this);"">More</span>",
Trip Advisor,Excellent,Fantastic food for a fantastic cause,10 April 2019 ,"Dear GuestExtremely sorry for your unpleasant experience at Kitchen With A Cause, and thanks you for letting us know about the problem. We have worked on the same and we make sure shall not be repeated in future, and looking forward to give you...<span class=""taLnk ulBlueLinks"" onclick=""widgetEvCall('handlers.clickExpand',event,this);"">More</span>",
Trip Advisor,Excellent,Outstanding food and great atmosphere ,9 April 2019 ,"This restaurant was by far my favorite food place I visited within India because of the initiative it supports. KWAC educates young people and provides them with 6 month internship to teach them the skills and knowledge to be able to work in the hospitality...<span class=""taLnk ulBlueLinks"" onclick=""widgetEvCall('handlers.clickExpand',event,this);"">More</span>",
Trip Advisor,Excellent,Great food and amazing cause,9 April 2019 ,"I ate here a couple of times during my trip to Delhi. I was drawn here initially based upon a recommendation and I was not disappointed. As a vegetarian, I was spoilt for choice and every dish I had was cooked perfectly and presented well....<span class=""taLnk ulBlueLinks"" onclick=""widgetEvCall('handlers.clickExpand',event,this);"">More</span>",
Trip Advisor,Excellent,"Wow, this is a must do!",6 April 2019 ,"KWAC provides internships for young people from a care background, and helps them get in to the hospitality industry. The cause alone is worth a visit (the tasty food and drink is a massive bonus!).I ate and drank here multiple times on my trip...<span class=""taLnk ulBlueLinks"" onclick=""widgetEvCall('handlers.clickExpand',event,this);"">More</span>",
Trip Advisor,Excellent,Delicious food with a fantastic cause.,6 April 2019 ,"Went here for dinner today.The food is absolutely brilliant.Tasty, expertly cooked.I had a tandoori dish. Make sure you finish with an excellent chai tea.Probably the best Indian food I have ever had (and I‚Äôve had a lot!).The staff were wonderful...<span class=""taLnk ulBlueLinks"" onclick=""widgetEvCall('handlers.clickExpand',event,this);"">More</span>",
Trip Advisor,Excellent,Twice in three days,5 April 2019 ,"Came across this place on TA so decided to give it a go because the name fascinated me. Firstly the cause is great, helping young adults transitioning from a life in care to the job market is a critical missing piece of a lot of...<span class=""taLnk ulBlueLinks"" onclick=""widgetEvCall('handlers.clickExpand',event,this);"">More</span>",
Trip Advisor,Excellent,Nice restaurante,4 April 2019 ,"Namastey ,Thank you for your feedback. We are very happy that not only you enjoyed our food but also appreciated what we do here. Our door and heart is always open for you. Thank you again for visiting KWAC!!",
Trip Advisor,Excellent,perfect,26 March 2019 ,"This was actually the first restaurant we went to India and it didn‚Äôt disappoint. It‚Äôs clean and very touristic.The food was really good ! I would visit again<span class=""taLnk ulBlueLinks"" onclick=""widgetEvCall('handlers.clickExpand',event,this);"">More</span>",
Trip Advisor,Excellent,Amazing food and initiative ,25 March 2019 ,"Dear guest,Thank you for taking the time to write your review of our restaurant. Your comments are very much valued. We really appreciate you valuable response towards our service an food quality Our staff members take their roles in our industry very seriously and...<span class=""taLnk ulBlueLinks"" onclick=""widgetEvCall('handlers.clickExpand',event,this);"">More</span>",
Trip Advisor,Excellent,Great food and initiative,24 March 2019 ,"Came here with a tour group and was extremely happy with all aspects of this restaurant. The food was delicious, staff were lovely and the interior was nice, also definitely is a kitchen with a great cause.<span class=""taLnk ulBlueLinks"" onclick=""widgetEvCall('handlers.clickExpand',event,this);"">More</span>",
Trip Advisor,Excellent,Great food amazing cause,24 March 2019 ,"Dear guest,Thank you for taking the time to write your review of our restaurant. Your comments are very much valued. We really appreciate you valuable response towards our service an food quality Our staff members take their roles in our industry very seriously and...<span class=""taLnk ulBlueLinks"" onclick=""widgetEvCall('handlers.clickExpand',event,this);"">More</span>",
Trip Advisor,Excellent,Great place to eat and enjoy!,22 March 2019 ,"The food &amp; service at Kitchen with a Cause was superb. One of the best meals we have had on our two weeks of travel in India. They have a varied menu to choose from. We would definitely visit here again.<span class=""taLnk ulBlueLinks"" onclick=""widgetEvCall('handlers.clickExpand',event,this);"">More</span>",
Trip Advisor,Excellent,Great!,22 March 2019 ,"Dear guest,Thank you for taking the time to write your review of our restaurant. Your comments are very much valued. We really appreciate you valuable response towards our service an food quality Our staff members take their roles in our industry very seriously and...<span class=""taLnk ulBlueLinks"" onclick=""widgetEvCall('handlers.clickExpand',event,this);"">More</span>",
Trip Advisor,Excellent,Excellent!,22 March 2019 ,"What's better than a restaurant that serves delicious food and have a good cause at the same time? This restaurant trains young people from the streets and help them getting into hospitality service. People that wouldn't otherwise have any chance of getting a good life...<span class=""taLnk ulBlueLinks"" onclick=""widgetEvCall('handlers.clickExpand',event,this);"">More</span>",
Trip Advisor,Excellent,Very ncie,19 March 2019 ,"Dear guest,Thank you for taking the time to write your review of our restaurant. Your comments are very much valued. We really appreciate you valuable response towards our service an food quality Our staff members take their roles in our industry very seriously and...<span class=""taLnk ulBlueLinks"" onclick=""widgetEvCall('handlers.clickExpand',event,this);"">More</span>",
Trip Advisor,Very Good,Great cause,16 March 2019 ,"We ate here as a destination after learning about this restaurant.   They train former street kids in the hospitality industry and help them find employment after they complete the training.  That was a good enough reason for us to eat here.  We were here mid...<span class=""taLnk ulBlueLinks"" onclick=""widgetEvCall('handlers.clickExpand',event,this);"">More</span>",
Trip Advisor,Excellent,Great little place,14 March 2019 ,"Dear guest,Thank you for taking the time to write your review of our restaurant. Your comments are very much valued. We really appreciate you valuable response towards our service an food quality Our staff members take their roles in our industry very seriously and...<span class=""taLnk ulBlueLinks"" onclick=""widgetEvCall('handlers.clickExpand',event,this);"">More</span>",
Trip Advisor,Excellent,Don‚Äôt miss out on this place ,7 March 2019 ,"Great little restaurant next to a shopping street. The food is tasty and the service excellent.The place have a social philosophy, helping the street children to a better future - love it!<span class=""taLnk ulBlueLinks"" onclick=""widgetEvCall('handlers.clickExpand',event,this);"">More</span>",
Trip Advisor,Excellent,Great Food Great Service Great Cause. ,25 February 2019 ,"Dear guest,Thank you for taking the time to write your review of our restaurant. Your comments are very much valued. We really appreciate you valuable response towards our service an food quality Our staff members take their roles in our industry very seriously and...<span class=""taLnk ulBlueLinks"" onclick=""widgetEvCall('handlers.clickExpand',event,this);"">More</span>",
Trip Advisor,Excellent,Incredible!,23 February 2019 ,"We had an excellent meal here. The sauces are thick and beautifully spiced and the breads were needed for making sure none of that sauce was left behind. They have a great selection of drinks too. The staff are warm and welcoming.<span class=""taLnk ulBlueLinks"" onclick=""widgetEvCall('handlers.clickExpand',event,this);"">More</span>",
Trip Advisor,Excellent,"Good, we‚Äôll priced food with a great story to tell",19 February 2019 ,"Dear guest,Thank you for taking the time to write your review of our restaurant. Your comments are very much valued. We really appreciate you valuable response towards our service an food quality Our staff members take their roles in our industry very seriously and...<span class=""taLnk ulBlueLinks"" onclick=""widgetEvCall('handlers.clickExpand',event,this);"">More</span>",
Trip Advisor,Terrible,Didn‚Äôt eat here the place is not keen on solo travellers taking up room,14 February 2019 ,"Visited this restaurant with a group of friends recently so a varied order was placed. All choices were excellent with no complaints would highly recommend this restaurant for quality of food and service not to mention the great work they do for the local community....<span class=""taLnk ulBlueLinks"" onclick=""widgetEvCall('handlers.clickExpand',event,this);"">More</span>",
Trip Advisor,Excellent,Wonderful restaurant with a feel good edge,13 February 2019 ,"Dear guest,Thank you for taking the time to write your review of our restaurant. Your comments are very much valued. We really appreciate you valuable response towards our service an food quality Our staff members take their roles in our industry very seriously and...<span class=""taLnk ulBlueLinks"" onclick=""widgetEvCall('handlers.clickExpand',event,this);"">More</span>",
Trip Advisor,Excellent,"Lovely food, pleasant staff, great cause",12 February 2019 ,"Visited here recently for 2 nights in a row (it was that good!). The food here was amazing, the cause even better! Visited with family and we had different things each night, everything was great! The staff and the atmostphere were awsome!<span class=""taLnk ulBlueLinks"" onclick=""widgetEvCall('handlers.clickExpand',event,this);"">More</span>",
Trip Advisor,Excellent,Highly recommend,12 February 2019 ,"Dear guest,Thank you for taking the time to write your review of our restaurant. Your comments are very much valued. We really appreciate you valuable response towards our service an food quality Our staff members take their roles in our industry very seriously and...<span class=""taLnk ulBlueLinks"" onclick=""widgetEvCall('handlers.clickExpand',event,this);"">More</span>",
Trip Advisor,Excellent,Great place,11 February 2019 ,"Really good food and service, also serving alcohol and meet dishes. Great to know that they also help develop some less fortunate people<span class=""taLnk ulBlueLinks"" onclick=""widgetEvCall('handlers.clickExpand',event,this);"">More</span>",
Trip Advisor,Excellent,Great food with a greater cause,7 February 2019 ,"Dear guest,Thank you for taking the time to write your review of our restaurant. Your comments are very much valued. We really appreciate you valuable response towards our service an food quality Our staff members take their roles in our industry very seriously and...<span class=""taLnk ulBlueLinks"" onclick=""widgetEvCall('handlers.clickExpand',event,this);"">More</span>",
Trip Advisor,Very Good,Nice modern restaurant supporting locals,7 February 2019 ,"A restaurant with great food and A refreshingly new consept that helps less fortunate youth develope skill sets in the hospitality industry and set their footing towards a better future . Don't miss the Naiza chicken and the Dhungari dal makhani.They also have great deals...<span class=""taLnk ulBlueLinks"" onclick=""widgetEvCall('handlers.clickExpand',event,this);"">More</span>",
Trip Advisor,Excellent,"Great food, staff &amp; cause",5 February 2019 ,"Dear guest,Thank you for taking the time to write your review of our restaurant. Your comments are very much valued. We really appreciate you valuable response towards our service an food quality Our staff members take their roles in our industry very seriously and...<span class=""taLnk ulBlueLinks"" onclick=""widgetEvCall('handlers.clickExpand',event,this);"">More</span>",
Trip Advisor,Poor,Did not like the taste of food,26 January 2019 ,"This is an easy restaurant as it is focused on westerners so it feels ‚Äúeasy‚Äù. Idea is they train up homeless people in a trade in the hospitality industry.Food was good, a bit expensive but not silly and it‚Äôs s good cause . I...<span class=""taLnk ulBlueLinks"" onclick=""widgetEvCall('handlers.clickExpand',event,this);"">More</span>",
Trip Advisor,Excellent,Great food in local surroundings,25 January 2019 ,"Dear guest,Thank you for taking the time to write your review of our restaurant. Your comments are very much valued. We really appreciate you valuable response towards our service an food quality Our staff members take their roles in our industry very seriously and...<span class=""taLnk ulBlueLinks"" onclick=""widgetEvCall('handlers.clickExpand',event,this);"">More</span>",
Trip Advisor,Very Good,Staff kindly and nice foods,10 January 2019 ,"Visited this place after reading reviews on Trip Advisor &amp; was not dissapointed. Staff very attentive, food delicious &amp; the atmosphere was great. Fantastic cause &amp; would highly recommend a visit ü•ó<span class=""taLnk ulBlueLinks"" onclick=""widgetEvCall('handlers.clickExpand',event,this);"">More</span>",
Trip Advisor,Average,Decent restaurant,7 January 2019 ,"Dear guest,Thank you for taking the time to write your review of our restaurant. Your comments are very much valued. We really appreciate you valuable response towards our service an food quality Our staff members take their roles in our industry very seriously and...<span class=""taLnk ulBlueLinks"" onclick=""widgetEvCall('handlers.clickExpand',event,this);"">More</span>",
Trip Advisor,Excellent,Great food and ambience ,7 January 2019 ,"I visited this restaurant with my friends after seeing the review on Tripadvisor but after eating food I did not find the taste upto the mark. Ambiance is fine but  first and formost thing is taste of the food which was not upto the mark....<span class=""taLnk ulBlueLinks"" onclick=""widgetEvCall('handlers.clickExpand',event,this);"">More</span>",
Trip Advisor,Excellent,Excellent all round,6 January 2019 ,Really good food in bazaar area of Delhi. Wemt twice in our few days in Delhi each really enjoyed the food and service.,
Trip Advisor,Excellent,Worth your money and time,5 January 2019 ,The staff is very courteous and takes the trouble of going an extra mile if you have any special requests for the food you have ordered. Relished the food and appreciate the cause they are supporting. Will definitely suggest this place. Good food and ambience.,
Trip Advisor,Excellent,Delicious Dinner,3 January 2019 ,Great menu options from various cuisines. Chose to try Tikka Masala and Rogan Josh.  Delicious with just the right amount of heat!! Nice atmosphere and very clean. Excellent service!! Will eat there again.,
Trip Advisor,Excellent,beautiful food,3 January 2019 ,"I came to this restaurant on the first night of my GAdvenures tour and thoroughly enjoyed it. The food was delicious I thoroughly enjoyed it, as did everyone else. The restaurant is clean and modern and I would happily go again",
Trip Advisor,Excellent,Amazing place,2 January 2019 ,"the restaurant is really nice, the food is great and the people...can change the world! their purpose to help children living on the street to learn a job in training session in the restaurant is fantistic!",
Trip Advisor,Average,Not bad not too good,1 January 2019 ,"The location is pretty, central crowdy. The restaurant is modern style, clean and the staff very helpful. The food is not as delicious as expected. This not means that is bad but my expectations was higher. Ismt is more expensive than the others restaurant but,...<span class=""taLnk ulBlueLinks"" onclick=""widgetEvCall('handlers.clickExpand',event,this);"">More</span>",
Trip Advisor,Excellent,Tasty treat,27 December 2018 ,"Great food, lovely service! People were friendly and warm, service was quick and food was beautiful!",
Trip Advisor,Excellent,Great food,24 December 2018 ,"This restaurant is a haven from the wild streets of Karol Bagh. We shared a green lentil daal and naan which was so rich and delicious. The staff are very polite. We love the idea behind this restaurant - training underprivileged people in the hospitality...<span class=""taLnk ulBlueLinks"" onclick=""widgetEvCall('handlers.clickExpand',event,this);"">More</span>",
Trip Advisor,Very Good,Amazing food ,24 December 2018 ,The food here is simply amazing and delicious too and service also is just damn good of the restaurant.,
Trip Advisor,Excellent,Lunch,23 December 2018 ,"Last day in Delhi and we found this place, really nice and tasty food, and kitchen with a course is good thing to support.",
Trip Advisor,Excellent,Really good ,22 December 2018 ,We went there twice. Both times was good. The food was awesome please do try the chicken tika masala and garlic bread! My favorite place to eat :) the service is superb and the owner is always there,
Trip Advisor,Very Good,"Good food, great cause",20 December 2018 ,"Kitchen with a Cause is the perfect place to kickoff a visit to Delhi - it's a step out of the chaos, the food is delicious and it acts as a training ground for staff (a way to move into a new life).I went...<span class=""taLnk ulBlueLinks"" onclick=""widgetEvCall('handlers.clickExpand',event,this);"">More</span>",
Trip Advisor,Excellent,A Safe Haven in the Heart of New Delhi,18 December 2018 ,"My friend and I arrived in Delhi both exhausted and culture shocked. By the time the evening had come, we had one thought on our mind: food. We wanted to try local Indian cuisine, without taking too much of a risk with Delhi street food...<span class=""taLnk ulBlueLinks"" onclick=""widgetEvCall('handlers.clickExpand',event,this);"">More</span>",
Trip Advisor,Excellent,Absolutely Amazing food and atmosphere,16 December 2018 ,"A very beautiful and vibrant place. The staff made us feel very welcome and were super friendly. We were impressed with quick and smooth service, and ofcourse - the most amazing curry we had in India! I had murrakan chicken the second time, and a...<span class=""taLnk ulBlueLinks"" onclick=""widgetEvCall('handlers.clickExpand',event,this);"">More</span>",
Trip Advisor,Excellent,Loved it!,16 December 2018 ,"I went to this restaurant twice whist I was staying in Delhi and I wish I could have gone more. The food, drink and staff are all excellent. I booked on-line and the staff greeted me by name on both occasions, and like an old...<span class=""taLnk ulBlueLinks"" onclick=""widgetEvCall('handlers.clickExpand',event,this);"">More</span>",
Trip Advisor,Excellent,Delicious Indian cuisine and fabulous service!,16 December 2018 ,"The tempting menu and tasty food was so good at KWAC that I went back a second time! I enjoyed some of the best meals I had while in India but what made these mealtimes even more special was the atmosphere. The staff are very...<span class=""taLnk ulBlueLinks"" onclick=""widgetEvCall('handlers.clickExpand',event,this);"">More</span>",
Trip Advisor,Excellent,"Great Food, Cold Beer, Fantastic Staff &amp; Reasonably Priced",16 December 2018 ,"If you are looking for somewhere to eat in Karol Bagh and support a good cause at the same time this is the place.  My wife and I have just spent 3 weeks on our first tour in India, although we are seasoned Asia travellers....<span class=""taLnk ulBlueLinks"" onclick=""widgetEvCall('handlers.clickExpand',event,this);"">More</span>",
Trip Advisor,Very Good,"Good food &amp; service, for a good cause",14 December 2018 ,"I'd say the food is overpriced for the quality, but then take into account the good work this kitchen does, the money is all worth it. Service and food is average. They do have a good selection of Indian, Chinese and Western food, WITHOUT having...<span class=""taLnk ulBlueLinks"" onclick=""widgetEvCall('handlers.clickExpand',event,this);"">More</span>",
Trip Advisor,Excellent,"Great staff,great food",12 December 2018 ,"We ate at Kitchen Witha Cause early in our trip to India and liked it so well we made sure we had our last Indian meal there. The staff was very attentive and helpful and the food was delicious. The complimentary appetizer of pickled shallots...<span class=""taLnk ulBlueLinks"" onclick=""widgetEvCall('handlers.clickExpand',event,this);"">More</span>",
Trip Advisor,Excellent,The only place to eat in Delhi!,9 December 2018 ,"This is by far my favourite restaurant to eat in in India for so many reasons. The staff are very warm and friendly, the restaurant is super clean (which can sometimes be hard to find in Delhi!) and the food is incredible. The best part...<span class=""taLnk ulBlueLinks"" onclick=""widgetEvCall('handlers.clickExpand',event,this);"">More</span>",
Trip Advisor,Excellent,Amazing food!,5 December 2018 ,"This restaurant is clean the waiters are very friendly. My father and I liked it so much that we went three days in a row! We are no expert in India food but it was in the end of our India trip so we know...<span class=""taLnk ulBlueLinks"" onclick=""widgetEvCall('handlers.clickExpand',event,this);"">More</span>",
Trip Advisor,Very Good,Our Favorite Restaurant in Delhi,4 December 2018 ,"We had a hard time finding the place the first time we went there for dinner.  It was in the middle of very busy open market in the Karol Bagh district of Delhi.The staff was very friendly and the service was efficient.  It was...<span class=""taLnk ulBlueLinks"" onclick=""widgetEvCall('handlers.clickExpand',event,this);"">More</span>",
Trip Advisor,Excellent,100% Recommended,3 December 2018 ,"I try to seek out restaurants with a charitable cause while travelling. This one has a great cause which you can read more about elsewhere. But they wouldn't last long if the food was not good. Luckily it's great!What more to say... Good location...<span class=""taLnk ulBlueLinks"" onclick=""widgetEvCall('handlers.clickExpand',event,this);"">More</span>",
Trip Advisor,Excellent,The best,29 November 2018 ,"This is a place with good atmosphere, friendly staff and divine food. I had the best chicken I have had in my life. KWAC is driven by a good heart and gives you a great opportunity to do something good for others while you eat....<span class=""taLnk ulBlueLinks"" onclick=""widgetEvCall('handlers.clickExpand',event,this);"">More</span>",
Trip Advisor,Excellent,Great Restaurant,29 November 2018 ,"Dear Guest Thank you for writing such beautiful lines, glad you enjoyed our food and service. Looking forward for seeing you in near future.Best RegardsTEAM- KWAC",
Trip Advisor,Excellent,Great food and service,27 November 2018 ,"While travelling in Delhi had lunch at Kitchen With a Cause. This restaurant has very good food . It is modern looking and very clean. ,In addition to being a great place to eat , this restaurant gives apprenticeships to street kids who have been...<span class=""taLnk ulBlueLinks"" onclick=""widgetEvCall('handlers.clickExpand',event,this);"">More</span>",
Trip Advisor,Excellent,Perfect food,22 November 2018 ,Dear GuestThank you so much for your appreciations we always strive to give best experience to our guest and we are glad you enjoyed our experience.Looking forward  to see you again.RegardsTEAM-KWAC,
Trip Advisor,Excellent,Great place to eat,21 November 2018 ,"Excellent meal in a very clean and hygienic kitchen. The staff were friendly and prompt, one of the most enjoyable meals I had in India.<span class=""taLnk ulBlueLinks"" onclick=""widgetEvCall('handlers.clickExpand',event,this);"">More</span>",
Trip Advisor,Excellent,"Great service and food, with a purpose",20 November 2018 ,"Dear Guest,Thank you for taking the time to write your review of our restaurant, your valuable comment is very much appreciated.  Our staff members take their roles seriously to ensure the best possible customer service and we are Glad you enjoyed it thoroughly.Thanks...<span class=""taLnk ulBlueLinks"" onclick=""widgetEvCall('handlers.clickExpand',event,this);"">More</span>",
Trip Advisor,Excellent,Lovely restaurant,20 November 2018 ,"In case you are in Karol Bagh (or elsewhere in Delhi) you must visit this wonderful place. It is an oasis inside the bustling market and it will offer you wonderful drinks and food (veg and non-veg).We dined there every day we spent in...<span class=""taLnk ulBlueLinks"" onclick=""widgetEvCall('handlers.clickExpand',event,this);"">More</span>",
Trip Advisor,Excellent,Fantastic Restaurant ,20 November 2018 ,Great food and an even better concept! The staff was really nice and helpfull. I would definitely recommend this place!,
Trip Advisor,Excellent,What a concept! Amazing food!,20 November 2018 ,"Best mutton rara of my life! And even better hospitality, and even bigger cause. Hands down! Best of luck!",
Trip Advisor,Excellent,An idea can change a life,17 November 2018 ,"What a funky little spot to chill out with some delicious food and mocktails while listening to a killer playlist and supporting such a worthy cause. The service was fantastic - nothing was too much trouble! Bills were split easily, special dietary requirements catered for,...<span class=""taLnk ulBlueLinks"" onclick=""widgetEvCall('handlers.clickExpand',event,this);"">More</span>",
Trip Advisor,Excellent,Excellent experience ,16 November 2018 ,"Found this restaurant near where we stayed. Great staff, excellent food Good gluten free options and a reasonable price.",
Trip Advisor,Very Good,"Bright, well run, consistent and clean.",15 November 2018 ,"Tucked into the ground floor of the Hotel Good Palace, on Lane 35 near Ajmal Khan Road in Karol Bagh. Easily accessible on foot, by rickshaw or Tuk-Tuk. A 10/15 minute walk from the Karol Bagh metro station. I have eaten here several times, both...<span class=""taLnk ulBlueLinks"" onclick=""widgetEvCall('handlers.clickExpand',event,this);"">More</span>",
Trip Advisor,Excellent,"Lovely Food, wonderful cause",10 November 2018 ,"The food was fantastic, the staff were friendly and attentive. Fantastic cause, providing street children with skills for life to help them out of poverty.  Definitely worth a visit.",
Trip Advisor,Excellent,Echoing what others have said,5 November 2018 ,"Great place and even greater cause - my kids are still talking about their tasty meals (which they‚Äôre rarely do). We happened upon this spot after arriving in Delhi and looking for places to eat near our hotel. It was in walking distance and said...<span class=""taLnk ulBlueLinks"" onclick=""widgetEvCall('handlers.clickExpand',event,this);"">More</span>",
Trip Advisor,Excellent,just as good the second time!,4 November 2018 ,"We came to this special place at the start of a guided tour around India and it was so good we had to come back our last night before leaving Delhi! Kitchen with a Cause gives local street kids an internship opportunity to learn the...<span class=""taLnk ulBlueLinks"" onclick=""widgetEvCall('handlers.clickExpand',event,this);"">More</span>",
Trip Advisor,Excellent,Great food for an even greater cause,1 November 2018 ,"Me and my daughter visited for dinner and was offered a range of vegan dishes. The manager understood that we couldn't eat dairy and even made us the most creamiest vegan Korma! The service was excellent and it was nice to see the managers training...<span class=""taLnk ulBlueLinks"" onclick=""widgetEvCall('handlers.clickExpand',event,this);"">More</span>",
Trip Advisor,Excellent,A pleasant experience and good food,30 October 2018 ,"The manager was very helpful as well as the waitress who is getting a six months training which will allow her to get a job. The chicken Tika masala was wonderful. I would gladly come back as it is easy to reach from many hotels...<span class=""taLnk ulBlueLinks"" onclick=""widgetEvCall('handlers.clickExpand',event,this);"">More</span>",
Trip Advisor,Excellent,Lovely meal- second vist,28 October 2018 ,"Great safe place to eat, good menu  and fair pricing too. If Its not precisely what you want, ask them to mix it up as you like it Recommended!",
Trip Advisor,Excellent,Amazing food and Service!,26 October 2018 ,"My partner and I had lunch at Kitchen with a cause recently and absolutely loved it. The wait staff made us feel like we were stars and the food was outstanding. Despite the hustle and bustle of everything around you, this restaurant feels like an...<span class=""taLnk ulBlueLinks"" onclick=""widgetEvCall('handlers.clickExpand',event,this);"">More</span>",
Trip Advisor,Excellent,Perfect,18 October 2018 ,"I think it‚Äôs perfect place for European. The atmosphere is nice (just normal as for our standards, while in many places in India I felt creepy). The restaurant is much cleaner than Indian standards. The food and shakes are tasty and safe. Besides, they use...<span class=""taLnk ulBlueLinks"" onclick=""widgetEvCall('handlers.clickExpand',event,this);"">More</span>",
Trip Advisor,Excellent,"Great food, great cause",16 October 2018 ,"We went to Kitchen With a Cause twice while in Delhi and just loved the experience. The staff is very friendly, the restaurant is very clean and the decor is beautiful. All the food we tried was delicious and the drinks (mocktails and shakes) were...<span class=""taLnk ulBlueLinks"" onclick=""widgetEvCall('handlers.clickExpand',event,this);"">More</span>",
Trip Advisor,Very Good,Great meals,14 October 2018 ,"just nowGreat meal, tad pricey (compared to what's out therr) but worth it I think. I can recommend the chef's selection which is enough for two people. My only complaint was lack of alcohol :)",
Trip Advisor,Excellent,Absolutely loved it,10 October 2018 ,"I loved it so much I had 7 meals there during my 6 days in Delhi. It was spotless, the food was tasty and well presented and the bathroom clean. The staff were lovely and friendly. I felt very safe eating there so just kept...<span class=""taLnk ulBlueLinks"" onclick=""widgetEvCall('handlers.clickExpand',event,this);"">More</span>",
Trip Advisor,Excellent,Great food ,9 October 2018 ,"I thought this place will have average food as the focus might be on community building only, but I was wrong . So good to see that great food, clean restaurant and a social cause all are working hand in hand. Highly recommended",
Trip Advisor,Excellent,One of our best meals - but looks very touristy,5 October 2018 ,"We thought is might be a tourist trap, but it was one of our best meals in India. Very tasty. Also, I *loved* that they even had women servers! Progressive! It was the *only* place in India where we had that. And all for a...<span class=""taLnk ulBlueLinks"" onclick=""widgetEvCall('handlers.clickExpand',event,this);"">More</span>",
Trip Advisor,Excellent,Simple but impressive,1 October 2018 ,"Delightful restaurant for its ambiance, delicious, well presented food, value for money and polite and helpful staff. We shall definitely be returning!",
Trip Advisor,Very Good,Very good place,28 September 2018 ,Very good food and service...nice place to scape from the noise...and the toilet is very clean!I only miss a cold beer...but it seems that they are applyig for the license...,
Trip Advisor,Excellent,An Oasis,14 September 2018 ,"An oasis in the middle of hot, dusty, noisy, mid summer madness of Karol Bagh market district. Great food, fantastic variety, excellent service and all this in CLEAN HARMONIOUS and HYGIENIC environs",
Trip Advisor,Excellent,Really delcious,3 September 2018 ,"Really clean food, cheap and delicious. Perfect for people on holidays unsure what to eat. And a brilliant initiative helping people from the streets!",
Trip Advisor,Excellent,An important initiative,26 August 2018 ,"Dear Allen,Thank you for your valuable feedback . We are looking forward to seeing you again at Kitchen With A cause.Team - Kitchen With A Cause (KWAC)",
Trip Advisor,Excellent,Great food,23 August 2018 ,"Partially supported by Canadian travel company G Adventures, this Kitchen with a Cause gives an opportunity to street children to start a career and to learn skills which will allow them to survive and grow in the hectic world of  Delhi. One of the owners...<span class=""taLnk ulBlueLinks"" onclick=""widgetEvCall('handlers.clickExpand',event,this);"">More</span>",
Trip Advisor,Very Good,Great place for tourists,21 August 2018 ,Great food. Worth a visit if you are in New Delhi. Staff are friendly and service excellent. We visited on our first night and last night in Delhi.,
Trip Advisor,Excellent,Fantastic place!,30 July 2018 ,"Our G adventure guide took us here and I noticed there were many other tourists groups. It's a lovely place and has really good food for for reasonable prices. went there twice during my stay. I really enjoyed their food! they have a great selection...<span class=""taLnk ulBlueLinks"" onclick=""widgetEvCall('handlers.clickExpand',event,this);"">More</span>",
Trip Advisor,Very Good,Good quality,29 July 2018 ,"came here with a group and we had a great evening. Delicious food, immaculate service, very clean and a wonderful ethical background to the business. The best meal I had in all of India!",
Trip Advisor,Very Good,Restaurant with a cause,21 July 2018 ,We went through this place via g adventures. We were assured all food was safe and tasty. The vegetarian options were delicious!,
Trip Advisor,Excellent,India,9 July 2018 ,"We had dinner at Street kitchen and it gave you the warm and fuzzies as well as a nice reasonably priced meal. The staff are orphans who are trained and given jobs to help them along and they do a great job.  There is a...<span class=""taLnk ulBlueLinks"" onclick=""widgetEvCall('handlers.clickExpand',event,this);"">More</span>",
Trip Advisor,Excellent,Fantastic concept and food!,30 June 2018 ,"Street Kitchen &amp; Grill is a restaurant that helps young local people from India who grew up in orphanages. The owners provide a job for them in order to guide them towards independency, which is an AMAZING way to give back to their community. I...<span class=""taLnk ulBlueLinks"" onclick=""widgetEvCall('handlers.clickExpand',event,this);"">More</span>",
Trip Advisor,Excellent,Tasty food ,23 June 2018 ,"Not only is the restaurant modern and beautifully decorated, but they do a fantastic job of giving back to the community by training disadvantaged youth and training them in the service industry.  It‚Äôs a pretty new restaurant (and concept!) and they have really done a...<span class=""taLnk ulBlueLinks"" onclick=""widgetEvCall('handlers.clickExpand',event,this);"">More</span>",
Trip Advisor,Excellent,"Great food, lovely place",20 May 2018 ,"This is a great project to support local people, but better than that, the restaurant itself has a lovely atmosphere, the decor is modern and the menu has something for everyone. Food was delicious - everyone in our group was pleased with their meal.",
Trip Advisor,Excellent,More than just a restaurant,13 May 2018 ,"Not only do they serve excellent food but this is also a training place for young people. The service is excellent and they offer an extensive menu as well as specials all at a very good price.  I have eaten here a number of times...<span class=""taLnk ulBlueLinks"" onclick=""widgetEvCall('handlers.clickExpand',event,this);"">More</span>",
Trip Advisor,Excellent,Canadian students visit unique restaurant,7 May 2018 ,Our university field school had a really great meal here. Great service and also an inspiring chat with the owner about the social innovation model that is helping street kids develop skills in the hospitality industry. Wonderful food.,
Trip Advisor,Excellent,"Clean, modern place with delicious food ",7 May 2018 ,"Clean place, looks like new in modern, industrial style. Very good food. The owner is asking if you are satisfied. My veg spaghetti in European style; Mango lassi - jami. üòä",
Trip Advisor,Excellent,Delicious and Generous,11 April 2018 ,"My daughter and I ate here two days in a row. The traditional and authentic Indian food was delicious. Portions were generous. The staff was friendly and attentive with a few speaking English. Menu of good variety in English. Premises were clean and decor was...<span class=""taLnk ulBlueLinks"" onclick=""widgetEvCall('handlers.clickExpand',event,this);"">More</span>",
Trip Advisor,Excellent,Incredible first meal in India,8 April 2018 ,We came here with our G Adventures group on our first meal in India. It was probably best meal we had here.No faults,
Trip Advisor,Excellent,Best food and amazing atmosphere,4 April 2018 ,"Street kitchen is amazing. I love it! The food is delicious and the menu is varied. And the best thing about the restaurant is that they support disadvantaged kids/young people by offering them opportunities to gain employment and a better future. A must try in...<span class=""taLnk ulBlueLinks"" onclick=""widgetEvCall('handlers.clickExpand',event,this);"">More</span>",
Trip Advisor,Excellent,Best food in Delhi,3 April 2018 ,"Went back here because the food is so good. Best we‚Äôve had on our trip to India. Very clean and friendly place, dont miss this one!",
Trip Advisor,Excellent,"Fantastic food, brilliant place",3 April 2018 ,"We went back for this place. The food is amazing, we only ate the Indian food. They use their own herbs and have food you cannot get anywhere else. Take a look at the specials. With the money they make they help poor street children...<span class=""taLnk ulBlueLinks"" onclick=""widgetEvCall('handlers.clickExpand',event,this);"">More</span>",
Trip Advisor,Excellent,Great food and oasis in hectic Karol Bagh Market!,30 March 2018 ,"We were shopping in Karol Bagh and were looking for a place to eat and take a break from shopping. This was our haven! Friendly English speaking staff. We ordered the Dal and Butter chicken -very tasty and mild. The restrooms are clean . During...<span class=""taLnk ulBlueLinks"" onclick=""widgetEvCall('handlers.clickExpand',event,this);"">More</span>",
Trip Advisor,Excellent,Cause and Course,29 March 2018 ,"We ate here as a group on two occasions.The menu is varied , there is plenty of food and the food is of good quality. Sit back and enjoy a mocktail and a pickled onion  whilst young people are supported in making their way in...<span class=""taLnk ulBlueLinks"" onclick=""widgetEvCall('handlers.clickExpand',event,this);"">More</span>",
Trip Advisor,Excellent,well worth a visit.,19 March 2018 ,"Dear GuestGreetings from Street Kitchen!Thank you, for your valuable feedback we will strive to deliver the same values and services to all our guests. Looking forward for seeing you again in near future.Thanks Team Street Kitchen.",
Trip Advisor,Excellent,Eating delicious food for a cause,7 March 2018 ,"we weren't in Delhi long, but made a point of returning to this restaurant for a second visit on our last night as we knew the food would be delicious, well-presented, reasonably priced and the whole place is clean ( great loos!) and beautifully decorated....<span class=""taLnk ulBlueLinks"" onclick=""widgetEvCall('handlers.clickExpand',event,this);"">More</span>",
Trip Advisor,Excellent,Must try in Delhi! ,27 February 2018 ,"Dear Claire Thank you very much for your valuable feedback,  it means lot to us.  We will keep striving to give our best to our guest and our community. Looking forward to seeing you again. Thanks Team Street Kitchen &amp; Grill",
Trip Advisor,Excellent,Amazing food and atmosphere ,20 February 2018 ,"Had a great meal here at the start of our group tour in India.  It was only newly open and they coped very well with a large group.  Every person in our group enjoyed their meals, not one complaint.  They were still sorting out their...<span class=""taLnk ulBlueLinks"" onclick=""widgetEvCall('handlers.clickExpand',event,this);"">More</span>",
Trip Advisor,Excellent,Absolutely delicious!,20 February 2018 ,Thank you very much for your valuable feedback... looking forward to see you in near future.,
Trip Advisor,Excellent,Perfect Visit in heart of Dehli,19 February 2018 ,"My travel group (5 total) found this gem of a restaurant on our last day in Delhi, and we couldn‚Äôt have been happier. The decor is hip and modern and emphasizes the restaurant‚Äôs aim to help children in the community. The owner greeted us at...<span class=""taLnk ulBlueLinks"" onclick=""widgetEvCall('handlers.clickExpand',event,this);"">More</span>",
Trip Advisor,Excellent,Excellent food and vibe,19 February 2018 ,"Dear Guest,Thank you for taking the time to write your review of our restaurant, your comments are very much valued. We really appreciate you valuable response towards our service an food quality  Our staff members take their roles in our industry very seriously and...<span class=""taLnk ulBlueLinks"" onclick=""widgetEvCall('handlers.clickExpand',event,this);"">More</span>",
Trip Advisor,Excellent,Delicious food,17 February 2018 ,"Street kitchen and grill is amazing! We have come here twice now because We love it so much! The food was delicious, the best we have had on our trip so far! Mr Bhatt and other staff were all very welcoming and gave us recommendations...<span class=""taLnk ulBlueLinks"" onclick=""widgetEvCall('handlers.clickExpand',event,this);"">More</span>",
Trip Advisor,Excellent,Best Birthday party ever,16 February 2018 ,"Dear Guest,Thank you for taking the time to write your review of our restaurant, your comments are very much valued. We really appreciate you valuable response towards our service an food quality  Our staff members take their roles in our industry very seriously and...<span class=""taLnk ulBlueLinks"" onclick=""widgetEvCall('handlers.clickExpand',event,this);"">More</span>",
Trip Advisor,Excellent,Artfully presented delicious food,11 February 2018 ,"Our group of travellers enjoyed the food and drinks at Street Kitchen for dinner twice while on a tour of India. We started with drinks from their large selection of smoothies, shakes, lassi and juices, all freshly prepared and artfully presented. Our food choices were...<span class=""taLnk ulBlueLinks"" onclick=""widgetEvCall('handlers.clickExpand',event,this);"">More</span>",
